                  epoch,           train/box_om,           train/cls_om,           train/dfl_om,           train/box_oo,           train/cls_oo,           train/dfl_oo,   metrics/precision(B),      metrics/recall(B),       metrics/mAP50(B),    metrics/mAP50-95(B),             val/box_om,             val/cls_om,             val/dfl_om,             val/box_oo,             val/cls_oo,             val/dfl_oo,                 lr/pg0,                 lr/pg1,                 lr/pg2
                      1,                 4.1637,                 5.1325,                 4.3471,                 4.0231,                 16.886,                 4.4517,                0.00022,                0.06667,                0.00012,                  4e-05,                 3.7972,                 5.4337,                 4.1567,                 3.6733,                 21.994,                 4.1571,                0.00014,                0.00014,                0.00014
                      2,                 4.0851,                 5.0006,                 4.2538,                 3.9417,                 15.632,                 4.4005,                0.00028,                0.08333,                0.00016,                  5e-05,                 3.7927,                 5.4261,                 4.1539,                 3.6692,                 21.938,                 4.1553,             0.00029851,             0.00029851,             0.00029851
                      3,                 3.8178,                 4.7399,                 4.1468,                 3.6415,                 13.991,                  4.253,                0.00028,                0.08333,                0.00016,                  5e-05,                 3.7856,                 5.4062,                 4.1502,                 3.6671,                 21.802,                 4.1539,             0.00045545,             0.00045545,             0.00045545
                      4,                  3.702,                 4.6537,                 3.9477,                 3.5078,                 12.491,                  4.097,                0.00028,                0.08333,                0.00018,                  5e-05,                 3.7759,                 5.3733,                 4.1454,                 3.6671,                 21.497,                 4.1521,             0.00061079,             0.00061079,             0.00061079
                      5,                 3.3852,                 4.4514,                 3.6929,                 2.9976,                 10.767,                 3.7845,                0.00028,                0.08333,                0.00015,                  4e-05,                 3.7871,                 5.3287,                 4.1505,                 3.6814,                 20.989,                 4.1552,             0.00076456,             0.00076456,             0.00076456
                      6,                 3.0314,                 4.1265,                 3.4578,                 2.6725,                 9.4299,                 3.5305,                  6e-05,                0.01667,                  3e-05,                      0,                 3.8699,                 5.2912,                 4.2181,                 3.7413,                 20.279,                 4.1936,             0.00091674,             0.00091674,             0.00091674
                      7,                 2.9542,                 3.8114,                 3.3476,                 2.5302,                 8.1556,                 3.2574,                0.00022,                0.06667,                0.00012,                  1e-05,                 3.6774,                 5.1015,                 4.0888,                 3.6626,                 18.571,                 4.1566,              0.0010673,              0.0010673,              0.0010673
                      8,                 2.9502,                 3.6528,                 3.3271,                  2.548,                 7.4843,                 3.2328,                0.00011,                0.03333,                  6e-05,                  1e-05,                 3.4277,                  4.891,                 3.9444,                  3.542,                 16.367,                 4.1153,              0.0012163,              0.0012163,              0.0012163
                      9,                 2.8069,                  3.364,                 3.1281,                 2.3378,                 6.5971,                 2.8996,                0.00028,                0.08333,                0.00015,                  3e-05,                 3.3436,                 4.7528,                 3.8986,                 3.4756,                 14.434,                  4.106,              0.0013638,              0.0013638,              0.0013638
                     10,                 2.7011,                 3.1221,                 3.0275,                 2.2291,                 5.6297,                 2.7494,                0.00028,                0.08333,                0.00017,                  4e-05,                 2.8559,                 4.9498,                 3.5371,                 2.4622,                 11.946,                 3.2414,              0.0015096,              0.0015096,              0.0015096
                     11,                 2.5309,                 2.9794,                 2.9158,                 2.1023,                 5.2835,                 2.5954,                0.00039,                0.11667,                0.00022,                  7e-05,                 2.9716,                 4.6468,                 3.5554,                 2.6129,                 10.096,                 3.2871,              0.0016539,              0.0016539,              0.0016539
                     12,                 2.4574,                 2.8884,                 2.8547,                 2.0763,                 4.8066,                 2.5715,                0.00061,                0.18333,                0.02715,                0.00649,                 2.9013,                 4.3319,                 3.4418,                 2.7466,                 9.0678,                 3.4954,              0.0017965,              0.0017965,              0.0017965
                     13,                 2.2925,                 2.6469,                 2.7815,                 1.9109,                   4.48,                 2.5126,                0.00122,                0.36667,                0.03437,                0.00772,                 2.6636,                 8.7435,                 3.2495,                 2.3104,                 14.279,                  3.308,              0.0018812,              0.0018812,              0.0018812
                     14,                 2.4017,                 2.6494,                 2.7881,                 2.0114,                 4.1389,                 2.4816,                0.00117,                   0.35,                0.00573,                0.00165,                 2.8598,                  7.098,                 3.2098,                 2.4536,                 10.014,                 2.9827,              0.0018812,              0.0018812,              0.0018812
                     15,                 2.2312,                 2.3121,                 2.5811,                 1.8558,                 3.6029,                 2.2963,                0.00261,                0.78333,                0.11746,                0.05008,                 2.3262,                 3.8605,                 2.8625,                 1.7685,                 6.2178,                 2.4981,              0.0018713,              0.0018713,              0.0018713
                     16,                 2.2048,                 2.2512,                 2.5728,                 1.8558,                 3.3813,                 2.2947,                0.10863,                    0.1,                0.04657,                0.01412,                  2.423,                 3.7684,                 3.2286,                 1.8479,                  7.024,                 3.2229,              0.0018614,              0.0018614,              0.0018614
                     17,                 2.0574,                 2.2256,                 2.5915,                 1.7913,                 3.4024,                 2.2889,                0.08043,                   0.05,                0.04417,                0.01667,                 2.3164,                 5.1314,                 3.4475,                 2.0055,                  7.454,                 3.2793,              0.0018515,              0.0018515,              0.0018515
                     18,                 2.0652,                 1.9622,                 2.4119,                  1.785,                 3.0446,                   2.21,                0.50272,                0.21667,                0.22703,                0.10582,                 2.0631,                 3.7777,                 2.8187,                  1.852,                 4.5946,                 2.6458,              0.0018416,              0.0018416,              0.0018416
                     19,                 2.0054,                 1.9744,                 2.4715,                 1.7755,                 3.0238,                 2.3031,                0.36018,                0.35659,                0.34896,                0.17187,                 1.9453,                  2.314,                 2.5969,                 1.7273,                 3.5833,                 2.5431,              0.0018317,              0.0018317,              0.0018317
                     20,                 1.9754,                 1.9049,                 2.3384,                 1.7592,                 2.7972,                 2.1802,                 0.2919,                0.28862,                0.20458,                0.08302,                 1.9987,                 2.2306,                 2.6879,                 1.6771,                 3.7892,                  2.542,              0.0018218,              0.0018218,              0.0018218
                     21,                  1.911,                 1.8041,                  2.279,                 1.6596,                 2.5738,                 2.0981,                0.48354,                0.26667,                0.27475,                0.13361,                 1.8421,                 4.4159,                 2.5263,                 1.5349,                 5.7262,                 2.4653,              0.0018119,              0.0018119,              0.0018119
                     22,                 1.8361,                 1.7852,                 2.2474,                 1.7415,                 2.6015,                 2.1747,                0.39082,                0.43845,                 0.4471,                0.27033,                 1.7148,                 1.9648,                  2.356,                 1.4723,                  2.828,                 2.2187,               0.001802,               0.001802,               0.001802
                     23,                 1.8277,                 1.7504,                 2.2663,                  1.719,                 2.3947,                 2.0664,                0.50534,                 0.4598,                0.41614,                 0.2387,                 1.8188,                 1.8822,                 2.4528,                 1.6167,                 2.7371,                 2.3984,              0.0017921,              0.0017921,              0.0017921
                     24,                 1.7516,                 1.6671,                 2.1702,                 1.7148,                 2.3924,                 2.1799,                0.18601,                0.08333,                0.05575,                0.02581,                 2.2867,                 5.5963,                 3.2425,                  1.977,                 4.4585,                 3.0122,              0.0017822,              0.0017822,              0.0017822
                     25,                 1.7572,                 1.5707,                 2.1542,                 1.7635,                 2.2077,                 2.1479,                0.35607,                0.28333,                0.24536,                0.13989,                 1.9064,                 1.9892,                 2.4775,                   1.92,                 2.8205,                 2.6052,              0.0017723,              0.0017723,              0.0017723
                     26,                 1.8134,                 1.6086,                 2.1781,                 1.7114,                 2.2091,                  2.102,                0.21984,                    0.2,                0.13178,                0.07352,                 2.0651,                 3.9915,                 2.7039,                 2.0729,                 4.1147,                 2.8159,              0.0017624,              0.0017624,              0.0017624
                     27,                 1.7017,                  1.518,                 2.0766,                 1.6299,                 2.0886,                 2.0321,                0.44577,                0.26814,                0.30061,                0.17334,                 1.7211,                 2.2344,                 2.3779,                 1.8165,                 2.7364,                 2.5282,              0.0017525,              0.0017525,              0.0017525
                     28,                 1.6286,                 1.4212,                 2.0038,                 1.6824,                 2.0206,                 2.0268,                 0.4667,                0.63333,                0.49892,                 0.2768,                  1.671,                 1.9174,                 2.3295,                 1.6564,                 2.2924,                 2.3428,              0.0017426,              0.0017426,              0.0017426
                     29,                 1.6456,                 1.4938,                  2.051,                 1.6255,                 1.9993,                 2.0006,                0.54487,                0.46667,                0.54276,                0.33072,                 1.6889,                 1.4709,                 2.2919,                 1.4904,                 2.0197,                 2.1389,              0.0017327,              0.0017327,              0.0017327
                     30,                 1.6103,                 1.4502,                 1.9821,                  1.581,                 1.9691,                 1.9416,                0.58586,                0.53333,                0.59471,                0.35627,                 1.5629,                 1.3982,                 2.1489,                 1.5337,                 2.1528,                 2.1875,              0.0017228,              0.0017228,              0.0017228
                     31,                 1.5203,                 1.2915,                 1.9213,                 1.4996,                 1.8745,                 1.9109,                0.52068,                 0.5794,                0.58712,                0.34425,                 1.6068,                 1.4933,                 2.1613,                 1.5678,                 2.0222,                 2.1147,              0.0017129,              0.0017129,              0.0017129
                     32,                 1.4956,                 1.3105,                 1.8877,                 1.4956,                 1.7875,                 1.8698,                0.58097,                    0.5,                0.56626,                0.34581,                 1.5165,                 1.3096,                 2.0448,                 1.4269,                 1.9672,                 1.9488,               0.001703,               0.001703,               0.001703
                     33,                 1.5415,                 1.3404,                 1.9447,                 1.5442,                 1.8342,                 1.9012,                0.53941,                0.63333,                0.61378,                0.37042,                 1.3965,                 1.5215,                 1.9455,                 1.5187,                 1.8889,                 2.1119,              0.0016931,              0.0016931,              0.0016931
                     34,                 1.5548,                 1.3765,                 1.9709,                 1.5888,                 1.8573,                  1.962,                0.63493,                0.52183,                0.61484,                 0.3593,                 1.5023,                 1.3844,                 2.0331,                  1.553,                 1.8573,                 2.1183,              0.0016832,              0.0016832,              0.0016832
                     35,                 1.4142,                 1.2233,                 1.8431,                  1.495,                 1.6888,                 1.8624,                0.68739,                0.56667,                0.66696,                0.36862,                 1.6397,                 1.3914,                 2.0917,                 1.6262,                 1.7885,                  2.207,              0.0016733,              0.0016733,              0.0016733
                     36,                 1.4083,                 1.2236,                 1.7966,                 1.4486,                 1.5964,                 1.8451,                0.56997,                0.58333,                 0.6497,                  0.366,                  1.533,                 1.2282,                 2.0086,                 1.5766,                 1.6592,                 2.0471,              0.0016634,              0.0016634,              0.0016634
                     37,                 1.3755,                 1.2056,                 1.8106,                 1.4779,                 1.5935,                 1.8391,                0.71094,                0.61489,                0.71266,                0.42531,                  1.424,                 1.1242,                 2.0052,                 1.4786,                  1.506,                 2.0629,              0.0016535,              0.0016535,              0.0016535
                     38,                 1.4932,                 1.2612,                  1.875,                 1.4777,                 1.6832,                 1.8275,                0.63788,                0.52853,                0.60747,                0.35821,                 1.5841,                 1.2791,                  2.106,                 1.5859,                 1.7351,                 2.1073,              0.0016436,              0.0016436,              0.0016436
                     39,                 1.5491,                 1.2514,                 1.9307,                 1.5575,                 1.6189,                 1.9118,                0.50441,                0.56667,                0.57335,                0.38582,                  1.396,                 1.2646,                 1.9292,                 1.4181,                 1.8052,                 2.0369,              0.0016337,              0.0016337,              0.0016337
                     40,                 1.4291,                 1.2019,                 1.7933,                 1.5029,                 1.5446,                 1.8326,                0.53438,                0.61214,                0.58945,                0.38038,                 1.4555,                 1.2467,                 1.9677,                 1.4338,                 1.7016,                  2.019,              0.0016238,              0.0016238,              0.0016238
                     41,                 1.4725,                 1.2332,                 1.8586,                 1.4905,                 1.5595,                 1.8703,                0.54963,                    0.6,                0.60071,                0.36081,                 1.5172,                 1.5634,                 2.0188,                 1.4727,                 1.9898,                  2.058,              0.0016139,              0.0016139,              0.0016139
                     42,                 1.5139,                 1.2486,                  1.867,                  1.562,                 1.6068,                 1.8697,                 0.7424,                   0.55,                0.69989,                 0.4441,                 1.4257,                 1.0901,                 1.9428,                  1.376,                 1.5123,                 1.9292,               0.001604,               0.001604,               0.001604
                     43,                 1.4515,                 1.2006,                 1.8282,                 1.4638,                 1.4938,                 1.8344,                0.56657,                0.69718,                0.64212,                0.41099,                 1.3968,                 1.0262,                   1.91,                 1.2735,                  1.528,                 1.8792,              0.0015941,              0.0015941,              0.0015941
                     44,                 1.4463,                 1.1357,                 1.8149,                 1.5005,                 1.5229,                 1.8409,                 0.6396,                    0.7,                0.67508,                 0.4185,                  1.432,                 1.1501,                 1.9268,                 1.4092,                  1.464,                  1.979,              0.0015842,              0.0015842,              0.0015842
                     45,                 1.3792,                 1.1586,                 1.7745,                    1.4,                 1.5369,                 1.7835,                 0.8375,                   0.55,                0.70291,                0.42645,                 1.4952,                 1.2437,                 1.9886,                  1.428,                 1.6245,                 1.9602,              0.0015743,              0.0015743,              0.0015743
                     46,                 1.3741,                 1.0589,                 1.7607,                 1.4117,                 1.4347,                 1.7523,                 0.7641,                0.61667,                0.74692,                0.46844,                 1.3435,                 1.0015,                 1.8545,                 1.3823,                 1.3985,                 1.8788,              0.0015644,              0.0015644,              0.0015644
                     47,                 1.4245,                 1.0999,                 1.7711,                 1.4305,                 1.4153,                 1.7507,                0.57327,                    0.6,                0.64175,                0.40434,                 1.4023,                 1.3261,                 1.9824,                 1.3774,                 1.6256,                 1.9936,              0.0015545,              0.0015545,              0.0015545
                     48,                 1.4545,                 1.1527,                 1.8361,                 1.4923,                 1.4814,                 1.8327,                0.67145,                0.68126,                 0.7337,                0.47424,                  1.256,                0.98476,                 1.8161,                  1.329,                 1.3281,                 1.8544,              0.0015446,              0.0015446,              0.0015446
                     49,                 1.3486,                 1.0439,                 1.7907,                 1.3994,                 1.3349,                 1.8039,                0.71342,                0.62244,                0.78651,                0.45802,                 1.4338,                 1.0114,                 1.9362,                 1.5151,                 1.3149,                 2.0255,              0.0015347,              0.0015347,              0.0015347
                     50,                 1.3512,                 1.0963,                 1.7478,                  1.401,                 1.3366,                 1.7468,                0.91163,                0.48333,                0.71108,                0.46117,                 1.2007,                 1.1644,                 1.7614,                 1.3273,                  1.489,                 1.8744,              0.0015248,              0.0015248,              0.0015248
                     51,                 1.3039,                 1.1141,                  1.724,                 1.4148,                 1.3677,                 1.7679,                0.75155,                0.65548,                0.75395,                0.45313,                 1.2352,                 1.2466,                 1.8155,                 1.3185,                 1.5856,                 1.8868,              0.0015149,              0.0015149,              0.0015149
                     52,                 1.2457,                  1.011,                 1.7074,                 1.3523,                 1.3413,                 1.7543,                0.85002,                0.56674,                0.74133,                0.48911,                 1.2585,                 1.1143,                 1.8498,                 1.2961,                 1.4415,                 1.8961,               0.001505,               0.001505,               0.001505
                     53,                 1.3061,                 1.0359,                 1.7235,                  1.343,                 1.2994,                 1.7327,                0.68529,                    0.7,                0.75567,                 0.4937,                  1.267,                 1.0052,                   1.81,                 1.3236,                 1.3287,                 1.8636,              0.0014951,              0.0014951,              0.0014951
                     54,                 1.3368,                 1.0331,                 1.6897,                 1.3698,                 1.2846,                 1.7089,                0.66191,                0.66667,                0.72435,                0.47205,                 1.2047,                 1.0198,                 1.7587,                 1.3437,                 1.3665,                 1.8711,              0.0014852,              0.0014852,              0.0014852
                     55,                 1.2897,                0.95559,                 1.6995,                 1.3635,                 1.2073,                 1.7372,                0.81687,                0.63333,                0.76089,                0.53448,                 1.1544,                0.95636,                 1.6939,                 1.2132,                  1.253,                 1.7487,              0.0014753,              0.0014753,              0.0014753
                     56,                  1.237,                 1.0191,                 1.6827,                 1.3606,                 1.3194,                 1.7775,                0.66786,                0.66667,                0.71674,                0.47869,                 1.1974,                 1.0928,                 1.7452,                 1.2657,                 1.3654,                 1.7672,              0.0014654,              0.0014654,              0.0014654
                     57,                 1.2799,                 1.0059,                 1.6767,                 1.3453,                  1.267,                 1.6999,                 0.7775,                    0.7,                0.77555,                0.47454,                 1.2197,                0.97869,                 1.7795,                 1.3751,                 1.3373,                 1.8657,              0.0014555,              0.0014555,              0.0014555
                     58,                  1.324,                 1.0059,                 1.6874,                 1.3428,                 1.2223,                  1.705,                0.79126,                0.75819,                0.85262,                0.48762,                 1.4629,                0.92294,                 1.9387,                 1.5633,                 1.0965,                  2.039,              0.0014456,              0.0014456,              0.0014456
                     59,                 1.2292,                 1.0569,                 1.6787,                 1.3128,                 1.3046,                 1.7507,                0.75305,                0.66078,                0.74288,                0.48564,                 1.1092,                 1.0519,                  1.708,                 1.2468,                 1.2922,                 1.8174,              0.0014357,              0.0014357,              0.0014357
                     60,                 1.2373,                 1.0002,                 1.6199,                 1.2998,                 1.2519,                 1.6722,                0.76996,                0.63333,                0.77573,                0.51476,                 1.1993,                 1.0678,                 1.7323,                 1.3472,                 1.2355,                 1.8527,              0.0014258,              0.0014258,              0.0014258
                     61,                 1.1958,                0.96232,                 1.6153,                 1.2713,                 1.2079,                 1.6862,                0.73933,                0.70915,                0.77109,                0.51537,                 1.1918,                0.89426,                 1.7665,                 1.2212,                 1.2319,                 1.8116,              0.0014159,              0.0014159,              0.0014159
                     62,                 1.1336,                 0.9148,                 1.5826,                 1.2157,                 1.1414,                 1.6059,                0.74715,                0.68333,                 0.8154,                0.53766,                 1.1971,                 0.8659,                 1.7233,                 1.2748,                 1.1088,                 1.7986,               0.001406,               0.001406,               0.001406
                     63,                 1.2224,                0.96408,                 1.6432,                  1.294,                  1.182,                 1.6831,                0.76866,                0.77535,                0.83997,                0.58323,                 1.1239,                0.85937,                  1.679,                 1.2072,                 1.0665,                 1.8141,              0.0013961,              0.0013961,              0.0013961
                     64,                 1.2491,                 1.0465,                  1.687,                 1.3209,                 1.3373,                 1.7531,                0.70245,                0.76667,                0.76847,                0.52274,                 1.1561,                0.89848,                 1.6642,                 1.1795,                  1.231,                 1.7436,              0.0013862,              0.0013862,              0.0013862
                     65,                 1.2078,                0.99747,                 1.6169,                  1.272,                  1.255,                 1.6401,                 0.7551,                0.77087,                0.82881,                0.58487,                 1.0863,                0.83167,                 1.6451,                 1.2106,                 1.0002,                 1.7503,              0.0013763,              0.0013763,              0.0013763
                     66,                 1.1633,                0.94759,                 1.5708,                 1.2622,                 1.1159,                 1.6321,                0.81026,                   0.75,                0.85743,                0.61386,                 1.0333,                0.71666,                  1.587,                 1.1312,                0.91368,                 1.6744,              0.0013664,              0.0013664,              0.0013664
                     67,                  1.192,                 0.9723,                  1.601,                 1.2758,                 1.2344,                 1.6328,                0.66391,                0.79022,                0.79754,                 0.5446,                 1.1638,                0.98188,                 1.6583,                  1.214,                 1.3648,                 1.7725,              0.0013565,              0.0013565,              0.0013565
                     68,                 1.1467,                0.87862,                 1.5647,                 1.2432,                 1.0771,                 1.6173,                0.79179,                0.88737,                0.86877,                0.60095,                 1.1588,                0.86706,                 1.6516,                  1.184,                 1.0284,                 1.7338,              0.0013466,              0.0013466,              0.0013466
                     69,                 1.1444,                0.87414,                 1.5255,                 1.2002,                 1.0835,                 1.5671,                0.85808,                0.80622,                0.88038,                0.57973,                 1.1428,                0.82104,                 1.6521,                 1.2413,                 1.0332,                 1.8021,              0.0013367,              0.0013367,              0.0013367
                     70,                  1.103,                 0.8974,                 1.5417,                 1.2045,                  1.141,                 1.6125,                0.84389,                0.73333,                0.87598,                0.61466,                 1.0483,                0.82677,                 1.5852,                 1.1647,                 1.0342,                 1.6846,              0.0013268,              0.0013268,              0.0013268
                     71,                 1.1861,                0.90403,                  1.572,                 1.2438,                 1.1325,                 1.6014,                0.83226,                    0.8,                 0.8694,                0.55616,                 1.1645,                0.81672,                 1.6948,                 1.2549,                 1.0248,                 1.7956,              0.0013169,              0.0013169,              0.0013169
                     72,                 1.1298,                0.90709,                 1.5508,                 1.1851,                 1.1397,                 1.5958,                 0.8142,                0.73333,                0.83802,                0.56027,                 1.1104,                0.77231,                 1.6023,                 1.1818,                 0.9689,                 1.7006,               0.001307,               0.001307,               0.001307
                     73,                 1.1357,                  0.862,                  1.485,                 1.2492,                 1.0274,                 1.5405,                0.67639,                0.83333,                0.81872,                0.56473,                 1.1263,                0.80463,                 1.5989,                 1.1819,                0.95536,                 1.6996,              0.0012971,              0.0012971,              0.0012971
                     74,                 1.0684,                0.82629,                 1.4722,                 1.1252,                  1.043,                 1.5348,                0.79479,                0.81667,                0.86455,                0.62463,                 1.0057,                0.77412,                 1.5384,                 1.0676,                0.93589,                 1.6469,              0.0012872,              0.0012872,              0.0012872
                     75,                 1.1099,                0.86642,                 1.5154,                 1.2083,                 1.0693,                 1.5975,                0.84778,                0.74265,                0.90432,                 0.6472,                 1.0281,                0.71681,                 1.5469,                 1.1255,                0.81686,                 1.6634,              0.0012773,              0.0012773,              0.0012773
                     76,                 1.1709,                0.89371,                 1.5405,                  1.209,                 1.1182,                 1.6173,                0.73774,                0.83333,                0.85605,                0.61532,                 1.0205,                0.74019,                 1.5571,                 1.0793,                0.91135,                  1.634,              0.0012674,              0.0012674,              0.0012674
                     77,                 1.0882,                0.81238,                  1.458,                 1.1798,                  1.046,                 1.5267,                0.75602,                0.77474,                0.80668,                0.55225,                 1.0695,                0.89859,                  1.582,                 1.1395,                 1.1555,                 1.7027,              0.0012575,              0.0012575,              0.0012575
                     78,                 1.0605,                0.83059,                 1.4645,                   1.17,                  1.025,                  1.529,                 0.8428,                0.73333,                0.82694,                0.57333,                 1.1274,                0.84619,                 1.5906,                 1.1636,                 1.0766,                 1.6699,              0.0012476,              0.0012476,              0.0012476
                     79,                 1.0873,                 0.8578,                 1.5058,                 1.1866,                 1.0001,                 1.5515,                0.79402,                    0.8,                0.87477,                0.61605,                 1.0203,                0.73507,                 1.6013,                 1.0855,                0.87794,                 1.6459,              0.0012377,              0.0012377,              0.0012377
                     80,                 1.1144,                 0.8263,                 1.4959,                 1.1912,                  0.985,                 1.5322,                0.74178,                0.86667,                0.85028,                 0.6158,                 1.0619,                0.78374,                 1.5964,                 1.0882,                0.90938,                 1.6349,              0.0012278,              0.0012278,              0.0012278
                     81,                 1.0628,                 0.8215,                 1.4951,                  1.152,                0.96024,                 1.5618,                0.69364,                0.75477,                0.78303,                0.56467,                0.99103,                0.77651,                 1.5415,                 1.0405,                0.98877,                 1.6018,              0.0012179,              0.0012179,              0.0012179
                     82,                 1.1315,                0.84634,                 1.4843,                  1.216,                 1.0497,                 1.5493,                 0.9198,                   0.65,                0.83602,                0.59859,                 1.0531,                0.78153,                 1.6093,                 1.0599,                0.90577,                 1.5874,               0.001208,               0.001208,               0.001208
                     83,                 1.1445,                0.88074,                 1.5243,                 1.1979,                 1.0828,                 1.5502,                0.80033,                0.83333,                0.89647,                0.62774,                 1.0327,                0.74017,                 1.5613,                   1.13,                0.81642,                 1.6332,              0.0011981,              0.0011981,              0.0011981
                     84,                  1.103,                 0.8598,                 1.5135,                   1.18,                 1.0423,                  1.534,                0.92577,                 0.8315,                0.91738,                0.67523,                0.96975,                0.72567,                 1.5244,                  1.005,                0.76622,                 1.5966,              0.0011882,              0.0011882,              0.0011882
                     85,                0.99794,                0.75496,                  1.408,                  1.082,                0.91101,                  1.453,                0.88636,                0.78333,                0.87972,                0.63532,                0.98993,                0.73866,                 1.4997,                 1.0596,                0.88764,                 1.5886,              0.0011783,              0.0011783,              0.0011783
                     86,                 1.1071,                0.84119,                 1.4822,                 1.2042,                 1.0145,                 1.5352,                0.69305,                0.79032,                0.84905,                0.58631,                 1.0665,                0.78716,                 1.5364,                  1.191,                0.88789,                 1.6946,              0.0011684,              0.0011684,              0.0011684
                     87,                 1.0554,                0.80969,                 1.4469,                 1.1297,                 0.9601,                 1.5022,                  0.836,                0.76469,                0.85809,                0.62402,                0.97793,                0.72414,                 1.5069,                 1.0466,                0.86544,                 1.6067,              0.0011585,              0.0011585,              0.0011585
                     88,                 1.1808,                0.88744,                 1.5956,                 1.2468,                 1.1011,                 1.6277,                 0.8358,                    0.7,                0.84231,                0.58755,                 1.1409,                0.69899,                 1.6297,                 1.1525,                0.85347,                 1.6389,              0.0011486,              0.0011486,              0.0011486
                     89,                 1.0613,                0.80474,                  1.487,                 1.1298,                 0.9729,                 1.5377,                0.84736,                0.83273,                0.86773,                 0.6205,                  1.033,                0.78535,                 1.5984,                 1.0634,                0.94053,                 1.6259,              0.0011387,              0.0011387,              0.0011387
                     90,                 1.0751,                0.83126,                 1.4261,                 1.1581,                 1.0092,                 1.4766,                0.64045,                0.77193,                0.77959,                 0.5821,                 1.1001,                 1.1383,                 1.6216,                 1.0738,                 1.0636,                 1.6515,              0.0011288,              0.0011288,              0.0011288
                     91,                  1.029,                0.78649,                 1.4803,                 1.1148,                0.97171,                 1.5291,                0.83778,                0.88333,                0.90323,                0.58862,                 1.2827,                 0.8462,                 1.7768,                 1.2678,                0.85889,                 1.8084,              0.0011189,              0.0011189,              0.0011189
                     92,                 1.0455,                0.79555,                 1.4396,                 1.1159,                0.92176,                 1.4982,                0.72912,                0.80758,                0.86879,                0.64718,                 1.0562,                0.77258,                 1.5813,                 1.0633,                0.82458,                 1.5681,               0.001109,               0.001109,               0.001109
                     93,                 1.1097,                0.83722,                 1.4833,                 1.2329,                0.98178,                 1.5612,                 0.8406,                0.81667,                0.87979,                0.67425,                0.93735,                0.72203,                 1.4895,                0.97385,                0.80105,                 1.5374,              0.0010991,              0.0010991,              0.0010991
                     94,                 1.0385,                0.78992,                 1.4514,                 1.1151,                0.91352,                 1.4829,                0.81233,                0.76667,                0.84634,                0.64207,                0.94181,                0.75788,                 1.5103,                 0.9638,                0.85293,                 1.5201,              0.0010892,              0.0010892,              0.0010892
                     95,                 1.0199,                0.77057,                 1.4195,                 1.0832,                0.89035,                  1.464,                0.77539,                    0.8,                0.87377,                0.68061,                0.86803,                0.67521,                 1.4381,                0.94533,                0.78235,                 1.5239,              0.0010793,              0.0010793,              0.0010793
                     96,                 1.0012,                0.76164,                  1.429,                 1.0984,                0.88036,                 1.4768,                0.81983,                0.78333,                0.85436,                0.62554,                 1.0145,                0.68534,                 1.5022,                 1.0681,                 0.8026,                 1.5505,              0.0010694,              0.0010694,              0.0010694
                     97,                 1.0793,                0.84712,                 1.4492,                 1.1639,                 1.0192,                 1.5219,                0.80233,                0.74422,                0.83397,                0.59999,                 1.1117,                0.80198,                 1.5783,                 1.0818,                0.87667,                 1.5776,              0.0010595,              0.0010595,              0.0010595
                     98,                 1.0148,                0.74313,                 1.4139,                  1.027,                0.89423,                 1.4413,                0.83261,                0.74618,                 0.8506,                0.60541,                 1.0226,                0.73094,                 1.5127,                 1.1725,                0.75371,                 1.6279,              0.0010496,              0.0010496,              0.0010496
                     99,                0.96744,                0.73347,                 1.3909,                 1.0541,                0.87384,                 1.4272,                0.81606,                   0.85,                0.90748,                0.67565,                 1.0057,                0.63599,                  1.516,                 1.0141,                0.67154,                 1.5305,              0.0010397,              0.0010397,              0.0010397
                    100,                0.97139,                0.74057,                 1.3631,                 1.0408,                0.87544,                 1.4026,                0.72179,                    0.9,                0.85735,                0.65857,                0.92339,                0.65304,                 1.4453,                0.97836,                 0.7715,                 1.5062,              0.0010298,              0.0010298,              0.0010298
                    101,                0.94798,                0.74086,                 1.3307,                 1.0633,                0.93834,                 1.3943,                0.88334,                0.71667,                0.87703,                0.67235,                  0.894,                0.62932,                 1.4352,                 1.0297,                0.74955,                 1.6364,              0.0010199,              0.0010199,              0.0010199
                    102,                0.93564,                  0.719,                 1.3483,                 1.0379,                0.89183,                 1.4347,                0.80887,                0.86667,                0.90256,                0.69239,                0.92197,                0.66945,                 1.4246,                0.99064,                0.68386,                 1.5015,                0.00101,                0.00101,                0.00101
                    103,                0.92762,                0.71589,                 1.3243,                 1.0017,                0.89169,                 1.3757,                0.77822,                0.81667,                0.88119,                0.67369,                0.87334,                0.66355,                 1.3959,                0.97873,                0.71966,                 1.4618,              0.0010001,              0.0010001,              0.0010001
                    104,                0.92286,                0.71428,                 1.3438,                 1.0232,                0.85973,                 1.4223,                0.78386,                0.78333,                0.86844,                0.65012,                0.90729,                0.69498,                 1.4422,                0.97473,                0.82033,                 1.4909,              0.0009902,              0.0009902,              0.0009902
                    105,                0.93621,                0.70227,                 1.3228,                 1.0308,                0.87838,                 1.4168,                0.82848,                0.80507,                0.89018,                0.65973,                 0.9411,                0.65773,                 1.4583,                0.99775,                0.70733,                 1.4943,              0.0009803,              0.0009803,              0.0009803
                    106,                0.97129,                0.77693,                 1.3506,                 1.0355,                0.92812,                 1.3949,                 0.8489,                0.73333,                 0.8974,                 0.6349,                0.99167,                0.68095,                 1.4884,                 1.0614,                0.75893,                 1.5969,              0.0009704,              0.0009704,              0.0009704
                    107,                0.94368,                0.74343,                  1.317,                   1.03,                0.87463,                 1.3704,                0.85371,                0.81667,                0.90681,                0.65768,                0.94092,                 0.6492,                 1.4352,                 1.0497,                0.71247,                 1.5104,              0.0009605,              0.0009605,              0.0009605
                    108,                0.93771,                0.68718,                 1.2771,                0.99371,                0.80359,                 1.3276,                0.76651,                0.76603,                0.86842,                0.64796,                0.92698,                0.67711,                 1.4209,                 1.0063,                0.78535,                 1.4742,              0.0009506,              0.0009506,              0.0009506
                    109,                0.96563,                0.73152,                  1.345,                 1.0567,                0.86468,                 1.3942,                0.92278,                0.79676,                0.93547,                 0.6916,                0.92744,                0.61947,                 1.4308,                0.99539,                0.62358,                 1.5095,              0.0009407,              0.0009407,              0.0009407
                    110,                0.95935,                0.71802,                 1.3728,                 1.0208,                0.82384,                 1.4248,                0.86929,                   0.85,                0.91491,                0.67502,                0.97388,                0.65177,                 1.4566,                 1.0804,                0.67037,                 1.6077,              0.0009308,              0.0009308,              0.0009308
                    111,                0.88868,                0.67557,                 1.2933,                0.97474,                0.78369,                 1.3326,                0.91949,                0.78333,                0.90982,                0.68673,                  0.922,                0.67975,                 1.4599,                 1.0267,                0.68427,                 1.5923,              0.0009209,              0.0009209,              0.0009209
                    112,                0.93668,                0.71906,                 1.3464,                 1.0077,                0.83862,                 1.3724,                0.80533,                0.89637,                0.92004,                0.69814,                0.91809,                0.63346,                 1.4288,                 1.0242,                 0.6031,                 1.5324,               0.000911,               0.000911,               0.000911
                    113,                0.88936,                0.70963,                 1.3501,                0.98411,                0.86391,                 1.3989,                0.89698,                0.87074,                0.92376,                0.71851,                0.84575,                 0.6402,                 1.3833,                0.91795,                0.57071,                 1.4685,              0.0009011,              0.0009011,              0.0009011
                    114,                0.88939,                0.70092,                 1.3442,                0.99336,                0.78406,                 1.3998,                0.97912,                0.78148,                0.92348,                0.72268,                0.86214,                0.60312,                 1.3876,                0.87674,                0.59112,                  1.416,              0.0008912,              0.0008912,              0.0008912
                    115,                0.89661,                0.67234,                 1.3234,                0.97179,                0.80823,                 1.3697,                0.87522,                0.83333,                0.94175,                0.72619,                0.88615,                 0.6147,                 1.3915,                0.92786,                0.57312,                 1.4626,              0.0008813,              0.0008813,              0.0008813
                    116,                0.90779,                0.68885,                 1.3462,                0.99593,                0.80047,                  1.414,                0.89095,                0.76667,                0.91599,                0.66083,                 1.0009,                0.65486,                 1.4825,                 1.0638,                0.68358,                 1.5936,              0.0008714,              0.0008714,              0.0008714
                    117,                 1.0086,                0.77622,                 1.4022,                  1.103,                0.93263,                 1.4372,                0.79225,                    0.8,                0.88193,                0.63899,                 1.0105,                0.66373,                 1.5039,                 1.0153,                0.75048,                 1.5625,              0.0008615,              0.0008615,              0.0008615
                    118,                0.98612,                0.73203,                 1.3984,                 1.0753,                0.90485,                 1.4469,                0.81016,                0.85356,                0.91478,                0.68667,                0.93385,                0.67941,                 1.4341,                 1.0387,                0.68544,                 1.5391,              0.0008516,              0.0008516,              0.0008516
                    119,                0.89084,                0.65291,                 1.2639,                0.97636,                0.74721,                 1.3196,                0.82644,                0.87303,                0.92829,                0.71399,                0.89285,                0.61089,                 1.4101,                0.92878,                0.59657,                 1.4419,              0.0008417,              0.0008417,              0.0008417
                    120,                0.86787,                0.64544,                 1.2636,                0.94314,                0.75577,                 1.3146,                0.76874,                    0.9,                0.92669,                0.68562,                0.97428,                0.60058,                 1.4686,                 1.0398,                0.62531,                 1.4899,              0.0008318,              0.0008318,              0.0008318
                    121,                0.86509,                 0.6499,                 1.2821,                0.92764,                0.74312,                  1.316,                0.83779,                0.86086,                 0.9255,                0.71504,                 0.8737,                0.56448,                  1.401,                0.93111,                0.56628,                 1.4457,              0.0008219,              0.0008219,              0.0008219
                    122,                0.91211,                0.71901,                 1.3301,                0.96184,                0.81988,                 1.3548,                0.92417,                0.81258,                 0.9343,                 0.7024,                0.90241,                0.62429,                 1.4122,                 0.9957,                0.62255,                 1.4968,               0.000812,               0.000812,               0.000812
                    123,                 0.8702,                0.67381,                 1.3178,                0.94888,                0.79454,                 1.3597,                0.89989,                0.89891,                0.94326,                0.72577,                0.80383,                0.62201,                  1.355,                0.89299,                0.62428,                 1.4014,              0.0008021,              0.0008021,              0.0008021
                    124,                 0.8309,                0.65979,                 1.2637,                0.92512,                0.73156,                 1.2999,                0.83416,                   0.85,                0.91367,                0.70427,                0.87504,                0.64447,                  1.368,                0.92144,                0.64264,                 1.4204,              0.0007922,              0.0007922,              0.0007922
                    125,                0.88802,                0.70739,                 1.2832,                0.95923,                0.81135,                 1.3352,                0.81904,                0.91667,                0.94044,                0.70042,                0.94587,                 0.6093,                 1.4486,                 0.9634,                0.62395,                 1.4639,              0.0007823,              0.0007823,              0.0007823
                    126,                0.82549,                0.63968,                 1.2591,                0.89837,                0.72667,                 1.3209,                0.86714,                0.87025,                 0.9276,                0.71643,                0.85594,                0.59682,                 1.3665,                0.93581,                0.60347,                 1.4665,              0.0007724,              0.0007724,              0.0007724
                    127,                0.87102,                0.66763,                 1.2908,                0.98621,                0.80709,                 1.3539,                0.81319,                0.87068,                0.92842,                0.71497,                 0.8679,                 0.5746,                 1.3887,                0.92746,                0.60428,                 1.4663,              0.0007625,              0.0007625,              0.0007625
                    128,                0.91289,                0.71526,                 1.3147,                 1.0169,                 0.9245,                 1.3861,                0.79068,                    0.9,                0.92928,                0.72281,                0.92263,                0.58498,                 1.4338,                0.94914,                0.58652,                 1.4594,              0.0007526,              0.0007526,              0.0007526
                    129,                0.88027,                0.64847,                 1.3181,                0.95729,                0.75572,                 1.3497,                0.80471,                0.82417,                0.91079,                0.71927,                0.82663,                 0.5739,                 1.3577,                0.86364,                0.61843,                 1.3794,              0.0007427,              0.0007427,              0.0007427
                    130,                0.87067,                0.69884,                 1.2882,                0.91389,                0.80883,                 1.3064,                 0.8618,                   0.75,                0.89459,                0.70305,                0.84463,                0.58597,                 1.3744,                0.88683,                0.65335,                 1.3919,              0.0007328,              0.0007328,              0.0007328
                    131,                0.83364,                 0.6161,                 1.2492,                0.89227,                0.69163,                 1.2958,                0.81984,                0.83333,                0.90721,                 0.7098,                 0.8966,                0.59402,                 1.4385,                0.95019,                0.60792,                 1.4734,              0.0007229,              0.0007229,              0.0007229
                    132,                0.83667,                0.65364,                  1.278,                 0.9109,                0.74772,                 1.3287,                0.89754,                0.87603,                0.95263,                0.68956,                0.92375,                0.55585,                 1.4291,                 1.0367,                0.54721,                 1.4836,               0.000713,               0.000713,               0.000713
                    133,                 0.8821,                0.66776,                 1.2987,                0.91392,                0.79243,                 1.3315,                0.86706,                0.88333,                0.94837,                0.69972,                0.93049,                0.59816,                 1.4565,                 1.0049,                0.57479,                 1.4993,              0.0007031,              0.0007031,              0.0007031
                    134,                0.88125,                0.64804,                 1.2876,                0.97195,                0.72361,                 1.3383,                0.92356,                0.80552,                0.92139,                0.71151,                0.81392,                0.54619,                 1.3581,                0.92092,                0.61248,                 1.4324,              0.0006932,              0.0006932,              0.0006932
                    135,                0.84966,                0.64092,                  1.271,                0.96538,                0.71408,                  1.326,                0.86298,                0.83982,                0.91737,                0.70506,                 0.9069,                0.59202,                 1.4081,                0.98382,                0.62862,                 1.4741,              0.0006833,              0.0006833,              0.0006833
                    136,                0.86567,                0.67763,                 1.2797,                0.89993,                0.81376,                 1.3206,                0.97999,                0.81638,                0.94361,                0.73107,                0.87822,                 0.5732,                 1.3776,                0.94692,                0.58473,                 1.4549,              0.0006734,              0.0006734,              0.0006734
                    137,                0.83578,                 0.6412,                 1.2391,                0.87042,                  0.788,                 1.2765,                0.82124,                    0.9,                0.93703,                0.70641,                 0.9041,                0.56397,                 1.4106,                0.97106,                0.58026,                 1.4484,              0.0006635,              0.0006635,              0.0006635
                    138,                0.82199,                0.62481,                 1.2334,                 0.9034,                0.70788,                 1.2757,                0.92702,                0.84682,                0.94566,                 0.7447,                0.81533,                0.54764,                 1.3349,                0.87044,                0.50504,                 1.3936,              0.0006536,              0.0006536,              0.0006536
                    139,                0.84282,                0.64508,                 1.2767,                0.93367,                0.78247,                 1.3444,                0.89709,                    0.9,                0.93842,                0.73869,                0.80737,                 0.5741,                 1.3259,                0.87307,                0.53636,                 1.4014,              0.0006437,              0.0006437,              0.0006437
                    140,                0.81475,                 0.6106,                  1.239,                0.89035,                0.71535,                 1.3043,                0.91378,                0.88314,                0.95043,                0.69921,                0.93801,                0.62102,                  1.421,                 1.0067,                0.59558,                  1.501,              0.0006338,              0.0006338,              0.0006338
                    141,                0.79327,                0.61113,                 1.2381,                0.86465,                0.66386,                 1.2887,                0.89995,                   0.75,                0.91448,                0.69533,                0.84206,                0.56627,                 1.3275,                 0.9834,                0.63014,                 1.4425,              0.0006239,              0.0006239,              0.0006239
                    142,                0.80975,                0.63259,                 1.2534,                0.89689,                0.71792,                 1.3067,                0.86316,                0.84111,                0.92997,                0.67627,                 0.9561,                0.59983,                 1.4067,                 1.0809,                0.64217,                 1.5091,               0.000614,               0.000614,               0.000614
                    143,                0.84606,                0.62969,                 1.2517,                0.90439,                0.71135,                 1.3026,                  0.844,                0.81667,                0.90993,                0.70828,                0.77743,                0.55843,                 1.2941,                0.89149,                0.59605,                 1.3812,              0.0006041,              0.0006041,              0.0006041
                    144,                0.85962,                0.67519,                 1.2387,                0.94838,                0.77797,                 1.2906,                0.87056,                 0.7847,                0.90592,                0.70335,                0.79309,                0.55728,                 1.3182,                0.89117,                 0.6137,                 1.3784,              0.0005942,              0.0005942,              0.0005942
                    145,                0.86951,                0.68963,                 1.2921,                0.93375,                0.83869,                 1.3308,                0.87262,                    0.8,                0.91595,                0.70212,                0.86002,                0.59691,                 1.3794,                0.91922,                0.66518,                 1.4179,              0.0005843,              0.0005843,              0.0005843
                    146,                0.78764,                0.65701,                 1.2223,                0.85713,                 0.7526,                 1.2748,                0.94296,                0.82668,                0.93892,                0.73021,                0.83005,                0.57456,                 1.3383,                0.88393,                0.60569,                  1.383,              0.0005744,              0.0005744,              0.0005744
                    147,                0.80367,                0.60821,                 1.2285,                0.89335,                0.67972,                 1.2896,                0.85751,                0.86667,                0.93646,                0.73148,                0.86945,                0.58299,                 1.3509,                0.88897,                0.56692,                 1.3856,              0.0005645,              0.0005645,              0.0005645
                    148,                0.82145,                0.60269,                 1.2211,                0.88212,                0.70792,                 1.2532,                0.87776,                0.86667,                0.93499,                0.74462,                0.77131,                0.55774,                 1.2991,                0.84748,                0.55965,                 1.3725,              0.0005546,              0.0005546,              0.0005546
                    149,                0.82071,                0.59508,                  1.256,                0.88778,                0.66018,                 1.3058,                0.92109,                0.77821,                0.92816,                0.72274,                 0.8565,                0.57704,                 1.3596,                0.87045,                0.61608,                 1.3896,              0.0005447,              0.0005447,              0.0005447
                    150,                0.80269,                0.63426,                 1.2489,                0.87818,                0.74232,                  1.303,                0.82528,                0.86595,                 0.9152,                0.70322,                0.86407,                0.61904,                  1.355,                0.91438,                0.63758,                 1.4039,              0.0005348,              0.0005348,              0.0005348
                    151,                0.81817,                0.63007,                 1.2813,                0.89038,                0.72962,                 1.3254,                0.86481,                0.85296,                 0.9256,                0.71558,                0.88173,                0.58669,                 1.3819,                0.92865,                0.62967,                 1.4431,              0.0005249,              0.0005249,              0.0005249
                    152,                0.85294,                0.63913,                 1.2787,                0.94701,                0.76704,                 1.3209,                0.84509,                0.81667,                0.89618,                0.72265,                0.76861,                0.58146,                 1.2696,                0.82487,                 0.6275,                 1.3536,               0.000515,               0.000515,               0.000515
                    153,                 0.7924,                0.60349,                 1.2397,                0.84518,                0.70805,                 1.2722,                0.81543,                   0.85,                0.87171,                 0.6949,                0.77975,                0.61312,                 1.3159,                0.84013,                0.65999,                 1.3784,              0.0005051,              0.0005051,              0.0005051
                    154,                  0.813,                0.60383,                 1.2294,                0.89325,                0.69941,                 1.2792,                0.72082,                0.90373,                0.88492,                0.71735,                0.77189,                0.59444,                 1.2996,                0.81058,                0.64356,                 1.3684,              0.0004952,              0.0004952,              0.0004952
                    155,                 0.7797,                0.60405,                 1.2109,                0.85238,                0.73136,                 1.2737,                0.78284,                0.88333,                0.90896,                 0.6941,                0.89587,                0.57017,                 1.3691,                0.92624,                0.57984,                 1.4496,              0.0004853,              0.0004853,              0.0004853
                    156,                0.75315,                0.59848,                 1.2018,                0.82947,                0.67445,                 1.2499,                0.78423,                0.88333,                 0.9164,                 0.7426,                0.75367,                 0.5443,                 1.2829,                0.82431,                0.54153,                 1.3566,              0.0004754,              0.0004754,              0.0004754
                    157,                0.77966,                 0.5903,                 1.2197,                 0.8206,                0.67156,                 1.2454,                0.78568,                0.91647,                0.92229,                0.72301,                0.77377,                0.52859,                 1.3031,                 0.8846,                0.57359,                 1.3967,              0.0004655,              0.0004655,              0.0004655
                    158,                0.80441,                0.60666,                 1.2001,                0.89012,                0.72918,                 1.2507,                0.84419,                    0.9,                0.93867,                0.74733,                0.80225,                0.50862,                 1.2907,                0.88169,                0.52842,                 1.3801,              0.0004556,              0.0004556,              0.0004556
                    159,                0.75893,                0.58679,                 1.1899,                0.82319,                0.64727,                 1.2341,                0.83343,                 0.8339,                0.92877,                0.73718,                0.76064,                0.51434,                 1.2736,                0.83781,                0.55489,                 1.3462,              0.0004457,              0.0004457,              0.0004457
                    160,                0.78677,                0.58756,                 1.2352,                0.85423,                0.66481,                  1.285,                0.87731,                    0.8,                0.92573,                0.73656,                0.75008,                 0.5219,                  1.252,                0.83965,                0.55118,                 1.3284,              0.0004358,              0.0004358,              0.0004358
                    161,                0.80861,                0.63843,                 1.2289,                0.86518,                 0.7211,                 1.2753,                0.86668,                0.86677,                0.93821,                0.75296,                0.75604,                0.53568,                 1.2702,                0.83133,                0.51675,                 1.3373,              0.0004259,              0.0004259,              0.0004259
                    162,                0.74536,                0.57318,                 1.1662,                0.80563,                0.67656,                 1.1966,                0.86262,                0.83333,                0.92772,                 0.7241,                 0.8234,                0.58818,                 1.3294,                0.84103,                0.60215,                 1.3649,               0.000416,               0.000416,               0.000416
                    163,                0.79383,                0.58948,                 1.1789,                0.84955,                 0.6654,                 1.2165,                0.81227,                0.86537,                0.89444,                0.71187,                 0.7531,                0.53523,                 1.2507,                0.82067,                0.59878,                 1.3137,              0.0004061,              0.0004061,              0.0004061
                    164,                  0.768,                0.59688,                 1.1952,                0.82345,                0.69976,                 1.2376,                0.78473,                0.91138,                0.89946,                0.69665,                0.82933,                0.53596,                 1.3298,                0.89536,                0.60848,                 1.3714,              0.0003962,              0.0003962,              0.0003962
                    165,                0.77288,                0.59019,                 1.2173,                0.83804,                0.68354,                 1.2576,                0.84022,                0.91667,                0.91276,                0.72622,                0.73966,                0.52302,                  1.258,                0.83231,                0.54539,                 1.3129,              0.0003863,              0.0003863,              0.0003863
                    166,                0.75833,                0.58541,                  1.195,                0.84753,                0.67514,                 1.2376,                0.84476,                0.88333,                0.93882,                0.74938,                0.75764,                0.52533,                 1.2558,                0.82641,                0.51881,                 1.3245,              0.0003764,              0.0003764,              0.0003764
                    167,                0.74041,                0.54432,                 1.1767,                0.80787,                0.61791,                 1.2078,                0.89333,                0.83757,                0.93147,                0.75753,                0.73588,                0.53886,                 1.2318,                 0.8047,                0.55642,                  1.293,              0.0003665,              0.0003665,              0.0003665
                    168,                0.73993,                 0.5601,                 1.1835,                0.79707,                0.64277,                 1.2258,                0.88957,                   0.85,                0.93458,                0.73766,                0.78547,                0.56995,                 1.2711,                0.84614,                0.55113,                 1.3213,              0.0003566,              0.0003566,              0.0003566
                    169,                0.74593,                0.56581,                  1.212,                0.79492,                0.60951,                 1.2454,                0.88538,                0.81667,                0.93684,                 0.7482,                0.76138,                0.51763,                 1.2613,                0.84303,                0.51676,                 1.3234,              0.0003467,              0.0003467,              0.0003467
                    170,                0.75986,                 0.5555,                 1.2114,                0.81586,                0.61933,                 1.2607,                0.90838,                0.82627,                0.93063,                0.74354,                0.77231,                 0.5353,                 1.2647,                0.82213,                0.56872,                 1.3167,              0.0003368,              0.0003368,              0.0003368
                    171,                0.76612,                0.56385,                 1.1958,                0.86132,                0.66473,                   1.25,                0.78133,                0.83333,                0.90645,                0.71784,                0.81923,                0.57149,                 1.2935,                0.85569,                0.63828,                 1.3199,              0.0003269,              0.0003269,              0.0003269
                    172,                0.76082,                0.59189,                 1.2072,                0.81688,                0.71857,                 1.2448,                0.78091,                    0.9,                0.91978,                0.73134,                0.79337,                0.55446,                  1.293,                0.82013,                0.59958,                 1.3016,               0.000317,               0.000317,               0.000317
                    173,                0.71437,                0.55054,                 1.1735,                0.78029,                0.59567,                 1.2083,                0.82533,                0.86627,                0.92695,                0.73941,                0.77068,                0.52898,                 1.2701,                0.85868,                0.54973,                 1.3312,              0.0003071,              0.0003071,              0.0003071
                    174,                0.73447,                0.56509,                 1.1807,                0.79675,                0.67056,                 1.1985,                0.89377,                 0.8414,                0.94652,                0.75791,                0.72185,                0.54866,                 1.2468,                0.79777,                0.57391,                 1.2997,              0.0002972,              0.0002972,              0.0002972
                    175,                0.74195,                0.54254,                 1.1846,                0.81855,                0.58828,                 1.2391,                0.85804,                   0.85,                0.93384,                0.74617,                0.78935,                0.55672,                 1.3001,                 0.8273,                0.59001,                 1.3349,              0.0002873,              0.0002873,              0.0002873
                    176,                 0.7403,                0.53029,                 1.1736,                0.79027,                0.60821,                 1.2131,                0.88823,                    0.9,                0.94713,                0.74953,                0.74531,                0.51234,                 1.2554,                0.81079,                 0.5072,                 1.3022,              0.0002774,              0.0002774,              0.0002774
                    177,                0.75909,                0.56673,                 1.1987,                0.82665,                0.65072,                  1.224,                0.80602,                   0.95,                0.94041,                 0.7486,                0.75132,                0.49918,                  1.253,                0.82225,                0.52868,                 1.3137,              0.0002675,              0.0002675,              0.0002675
                    178,                0.72833,                0.54487,                 1.1892,                0.78969,                0.59092,                 1.2041,                 0.8138,                0.91667,                0.93659,                0.74672,                0.80617,                0.50164,                 1.2775,                0.84266,                0.58699,                  1.333,              0.0002576,              0.0002576,              0.0002576
                    179,                0.72305,                0.56092,                 1.1966,                0.78419,                0.67059,                 1.2369,                0.90562,                0.83333,                0.94547,                0.76317,                 0.7863,                0.49619,                  1.266,                0.82527,                 0.5183,                  1.325,              0.0002477,              0.0002477,              0.0002477
                    180,                0.70647,                0.51354,                 1.1436,                0.73909,                0.54205,                 1.1633,                0.84522,                0.91021,                 0.9434,                0.76421,                0.70955,                0.48822,                 1.2311,                0.77022,                0.51281,                 1.2987,              0.0002378,              0.0002378,              0.0002378
                    181,                0.70351,                0.55516,                 1.1514,                0.77663,                0.63906,                   1.19,                0.87064,                0.86667,                0.94638,                0.76706,                0.73558,                0.48897,                 1.2447,                0.79009,                0.54617,                 1.3084,              0.0002279,              0.0002279,              0.0002279
                    182,                 0.6907,                0.54081,                 1.1704,                0.75807,                0.58419,                 1.2126,                0.86476,                    0.9,                0.95517,                0.76598,                 0.7511,                0.48578,                 1.2619,                0.79585,                0.52311,                 1.3233,               0.000218,               0.000218,               0.000218
                    183,                0.70124,                 0.5375,                 1.1559,                0.75763,                0.58048,                 1.1994,                0.85461,                0.88175,                0.93853,                0.76646,                0.72268,                0.49729,                 1.2356,                0.79137,                0.56244,                  1.311,              0.0002081,              0.0002081,              0.0002081
                    184,                0.69055,                0.54117,                 1.1338,                0.77368,                0.64066,                 1.1806,                0.87879,                0.88333,                0.94699,                0.76109,                0.76578,                0.52046,                 1.2507,                0.82145,                0.55012,                 1.3214,              0.0001982,              0.0001982,              0.0001982
                    185,                 0.7089,                0.54303,                 1.1503,                0.77847,                0.62475,                  1.187,                0.91629,                0.88333,                0.95324,                0.77537,                0.73509,                 0.5196,                 1.2324,                0.77491,                0.53384,                 1.2859,              0.0001883,              0.0001883,              0.0001883
                    186,                0.69572,                0.53953,                 1.1642,                0.74367,                0.62463,                 1.2046,                0.94633,                0.88333,                0.96246,                0.78461,                0.72586,                0.50669,                 1.2202,                0.78028,                0.49253,                 1.2794,              0.0001784,              0.0001784,              0.0001784
                    187,                0.68956,                0.55106,                 1.1442,                0.77459,                0.63627,                 1.1908,                0.85773,                0.90441,                0.94765,                0.74991,                 0.7813,                0.52035,                 1.2552,                0.83316,                 0.5431,                 1.3127,              0.0001685,              0.0001685,              0.0001685
                    188,                 0.6589,                0.50683,                 1.1423,                0.72194,                0.55504,                 1.1807,                 0.9592,                0.86667,                0.95063,                0.75197,                0.81079,                0.52392,                 1.2774,                 0.8585,                  0.547,                 1.3355,              0.0001586,              0.0001586,              0.0001586
                    189,                 0.7235,                0.54608,                 1.1754,                0.78896,                0.65924,                 1.2084,                0.90591,                0.86667,                0.95031,                0.77796,                0.73155,                0.50584,                 1.2269,                0.79889,                0.51906,                  1.296,              0.0001487,              0.0001487,              0.0001487
                    190,                0.69956,                0.55872,                  1.183,                0.75484,                0.62663,                 1.2119,                0.87281,                   0.85,                0.93873,                0.77318,                0.73619,                0.51217,                 1.2312,                0.79333,                0.54108,                 1.2923,              0.0001388,              0.0001388,              0.0001388
                    191,                0.58644,                0.49754,                 1.0992,                0.62434,                0.53922,                  1.133,                0.79625,                0.88333,                0.92524,                0.75285,                 0.7627,                0.51318,                 1.2559,                0.81158,                 0.5737,                 1.3098,              0.0001289,              0.0001289,              0.0001289
                    192,                0.59131,                 0.4992,                 1.1271,                0.65345,                0.56394,                 1.1606,                0.90045,                0.75381,                0.92485,                0.73289,                0.81882,                0.53916,                 1.3025,                0.85577,                0.59492,                 1.3498,               0.000119,               0.000119,               0.000119
                    193,                0.59109,                0.47095,                 1.1353,                0.62737,                0.50226,                 1.1601,                 0.9344,                0.76667,                0.93287,                0.74024,                0.77915,                0.54585,                  1.265,                0.83811,                0.57057,                 1.3172,              0.0001091,              0.0001091,              0.0001091
                    194,                 0.5698,                0.47642,                 1.1264,                0.60305,                0.51735,                 1.1402,                0.88936,                0.80392,                0.93268,                0.75185,                0.74931,                0.52356,                 1.2444,                0.82146,                0.54896,                 1.2993,               9.92e-05,               9.92e-05,               9.92e-05
                    195,                0.57888,                0.44148,                 1.1226,                0.61469,                0.42223,                 1.1434,                0.87856,                0.86667,                0.93436,                0.75859,                0.74366,                0.50996,                 1.2513,                0.80641,                0.54522,                 1.2928,               8.93e-05,               8.93e-05,               8.93e-05
                    196,                0.57488,                0.44967,                 1.1146,                0.62605,                0.44011,                 1.1535,                0.83652,                0.85286,                0.93313,                0.76061,                0.72768,                0.50521,                 1.2361,                 0.7903,                0.56228,                 1.2895,               7.94e-05,               7.94e-05,               7.94e-05
                    197,                 0.5905,                0.45665,                 1.1043,                0.62926,                0.48783,                 1.1346,                0.77581,                0.92285,                0.93739,                0.77061,                0.71317,                0.49968,                 1.2266,                0.77447,                 0.5352,                 1.2805,               6.95e-05,               6.95e-05,               6.95e-05
                    198,                0.56041,                0.43307,                 1.0941,                0.61295,                0.44663,                 1.1194,                0.80855,                0.91504,                 0.9431,                0.77233,                0.70746,                0.49036,                  1.221,                0.76879,                0.51411,                 1.2824,               5.96e-05,               5.96e-05,               5.96e-05
                    199,                0.54288,                0.43738,                 1.0785,                 0.5736,                0.44509,                 1.1044,                0.92298,                0.79898,                0.94388,                0.76354,                0.70262,                0.48061,                 1.2176,                0.76866,                0.52382,                 1.2886,               4.97e-05,               4.97e-05,               4.97e-05
                    200,                0.54206,                 0.4457,                 1.0876,                0.56634,                0.49575,                  1.111,                0.90928,                0.88333,                0.95537,                0.77481,                 0.7093,                0.47944,                 1.2215,                  0.788,                0.51664,                 1.3046,               3.98e-05,               3.98e-05,               3.98e-05
